model,model_label,experiment,diagnostic,contrast,estimate,se,df,t,p,note,significant,supports_heuristic
babyllama,BabyLlama,1,local_mismatch_penalty,mismatch - match (Local),2.8314588721841574,0.16004398330566494,31,17.69175456459621,9.363887457300177e-18,Baseline: surprisal(-Local) - surprisal(+Local). Positive = local sensitivity.,True,True
qwen-2.5-7b,Qwen-2.5-7B,1,local_mismatch_penalty,mismatch - match (Local),3.7100830078125,0.2912518858884859,31,12.73839994716124,7.394481327742384e-14,Baseline: surprisal(-Local) - surprisal(+Local). Positive = local sensitivity.,True,True
llama-3.1-8b,Llama-3.1-8B,1,local_mismatch_penalty,mismatch - match (Local),4.307952880859375,0.24305312724394054,31,17.72432607516172,8.889008802494357e-18,Baseline: surprisal(-Local) - surprisal(+Local). Positive = local sensitivity.,True,True
qwen-2.5-72b,Qwen-2.5-72B,1,local_mismatch_penalty,mismatch - match (Local),4.6058349609375,0.3639875532893318,31,12.653825438026299,8.801561884804463e-14,Baseline: surprisal(-Local) - surprisal(+Local). Positive = local sensitivity.,True,True
llama-3.1-70b,Llama-3.1-70B,1,local_mismatch_penalty,mismatch - match (Local),4.264404296875,0.2617328807118167,31,16.29296359432333,9.458736116785413e-17,Baseline: surprisal(-Local) - surprisal(+Local). Positive = local sensitivity.,True,True
babyllama,BabyLlama,1,matrix_effect_at_local_match,match - mismatch (Matrix | +Local),-0.954819094389677,0.09470077941765752,31,-10.082484011864906,2.632926548545766e-11,Control: matrix match effect when the local subject already matches.,True,
qwen-2.5-7b,Qwen-2.5-7B,1,matrix_effect_at_local_match,match - mismatch (Matrix | +Local),-0.712158203125,0.22476384868632285,31,-3.168473076463812,0.0034345499147854738,Control: matrix match effect when the local subject already matches.,True,
llama-3.1-8b,Llama-3.1-8B,1,matrix_effect_at_local_match,match - mismatch (Matrix | +Local),-0.0050048828125,0.17439304182829957,31,-0.028698867569656866,0.97728872487219,Control: matrix match effect when the local subject already matches.,False,
qwen-2.5-72b,Qwen-2.5-72B,1,matrix_effect_at_local_match,match - mismatch (Matrix | +Local),-0.302001953125,0.24740723139483173,31,-1.220667445419337,0.23141579549793892,Control: matrix match effect when the local subject already matches.,False,
llama-3.1-70b,Llama-3.1-70B,1,matrix_effect_at_local_match,match - mismatch (Matrix | +Local),-0.24560546875,0.1778416355592103,31,-1.3810346940282638,0.17714362648052367,Control: matrix match effect when the local subject already matches.,False,
babyllama,BabyLlama,1,matrix_rescue,match - mismatch (Matrix | -Local),-2.4845851063728337,0.09837816081738061,31,-25.255453911005404,3.0623685381197063e-22,Critical: surprisal(+Matrix) - surprisal(-Matrix) at -Local. Negative = illicit rescue.,True,True
qwen-2.5-7b,Qwen-2.5-7B,1,matrix_rescue,match - mismatch (Matrix | -Local),-3.626953125,0.3886896043735567,31,-9.331232644735863,1.6298712553411058e-10,Critical: surprisal(+Matrix) - surprisal(-Matrix) at -Local. Negative = illicit rescue.,True,True
llama-3.1-8b,Llama-3.1-8B,1,matrix_rescue,match - mismatch (Matrix | -Local),-2.0692138671875,0.24813914599412243,31,-8.338925560888779,2.028281945668816e-09,Critical: surprisal(+Matrix) - surprisal(-Matrix) at -Local. Negative = illicit rescue.,True,True
qwen-2.5-72b,Qwen-2.5-72B,1,matrix_rescue,match - mismatch (Matrix | -Local),-2.9794921875,0.29182019272939946,31,-10.210027481761136,1.946257458208744e-11,Critical: surprisal(+Matrix) - surprisal(-Matrix) at -Local. Negative = illicit rescue.,True,True
llama-3.1-70b,Llama-3.1-70B,1,matrix_rescue,match - mismatch (Matrix | -Local),-1.4482421875,0.2882153336726888,31,-5.024861686036085,2.0000729287344447e-05,Critical: surprisal(+Matrix) - surprisal(-Matrix) at -Local. Negative = illicit rescue.,True,True
babyllama,BabyLlama,2,distractor_effect_at_head_match,match - mismatch (Distractor | +Head),-0.3945256620645523,0.050817859403801464,31,-7.763523822001829,9.27216854627809e-09,Control: distractor match effect when the head already matches.,True,
qwen-2.5-7b,Qwen-2.5-7B,2,distractor_effect_at_head_match,match - mismatch (Distractor | +Head),-1.0517578125,0.36523214289845357,31,-2.8796967434282554,0.00715617479362983,Control: distractor match effect when the head already matches.,True,
llama-3.1-8b,Llama-3.1-8B,2,distractor_effect_at_head_match,match - mismatch (Distractor | +Head),-1.03070068359375,0.25633208829658655,31,-4.020958477899137,0.0003446190230257673,Control: distractor match effect when the head already matches.,True,
qwen-2.5-72b,Qwen-2.5-72B,2,distractor_effect_at_head_match,match - mismatch (Distractor | +Head),-1.01904296875,0.27356863788612895,31,-3.7249992419605116,0.0007795169656038453,Control: distractor match effect when the head already matches.,True,
llama-3.1-70b,Llama-3.1-70B,2,distractor_effect_at_head_match,match - mismatch (Distractor | +Head),-0.5185546875,0.2540045536089452,31,-2.041517288301631,0.04978885762409732,Control: distractor match effect when the head already matches.,True,
babyllama,BabyLlama,2,head_mismatch_penalty,mismatch - match (Head),3.5684495344758034,0.12873719994817834,31,27.718868640239506,1.9258424076054974e-23,Baseline: surprisal(-Head) - surprisal(+Head). Positive = structural-head sensitivity.,True,True
qwen-2.5-7b,Qwen-2.5-7B,2,head_mismatch_penalty,mismatch - match (Head),3.8671875,0.47615383141969486,31,8.121718748895997,3.5824450120234456e-09,Baseline: surprisal(-Head) - surprisal(+Head). Positive = structural-head sensitivity.,True,True
llama-3.1-8b,Llama-3.1-8B,2,head_mismatch_penalty,mismatch - match (Head),3.462493896484375,0.30293720245600275,31,11.429741439522445,1.201055880082446e-12,Baseline: surprisal(-Head) - surprisal(+Head). Positive = structural-head sensitivity.,True,True
qwen-2.5-72b,Qwen-2.5-72B,2,head_mismatch_penalty,mismatch - match (Head),3.342041015625,0.3536238177605349,31,9.450836871763387,1.213267572542245e-10,Baseline: surprisal(-Head) - surprisal(+Head). Positive = structural-head sensitivity.,True,True
llama-3.1-70b,Llama-3.1-70B,2,head_mismatch_penalty,mismatch - match (Head),3.87158203125,0.27712313427633495,31,13.970620104886045,6.379972419688549e-15,Baseline: surprisal(-Head) - surprisal(+Head). Positive = structural-head sensitivity.,True,True
babyllama,BabyLlama,2,proximity_trap,match - mismatch (Distractor | -Head),-1.5034891963005066,0.1039082013055452,31,-14.469398732824287,2.474325157072562e-15,Critical: surprisal(+Distractor) - surprisal(-Distractor) at -Head. Negative = linear trap.,True,True
qwen-2.5-7b,Qwen-2.5-7B,2,proximity_trap,match - mismatch (Distractor | -Head),-2.638671875,0.33859640709087013,31,-7.792970686460508,8.56980982807479e-09,Critical: surprisal(+Distractor) - surprisal(-Distractor) at -Head. Negative = linear trap.,True,True
llama-3.1-8b,Llama-3.1-8B,2,proximity_trap,match - mismatch (Distractor | -Head),-3.634033203125,0.34628095492237826,31,-10.494464542352896,9.995514870839404e-12,Critical: surprisal(+Distractor) - surprisal(-Distractor) at -Head. Negative = linear trap.,True,True
qwen-2.5-72b,Qwen-2.5-72B,2,proximity_trap,match - mismatch (Distractor | -Head),-2.759765625,0.377398134344409,31,-7.312610672530434,3.137511395147765e-08,Critical: surprisal(+Distractor) - surprisal(-Distractor) at -Head. Negative = linear trap.,True,True
llama-3.1-70b,Llama-3.1-70B,2,proximity_trap,match - mismatch (Distractor | -Head),-2.935546875,0.28777208120394704,31,-10.200943964816197,1.988459343142598e-11,Critical: surprisal(+Distractor) - surprisal(-Distractor) at -Head. Negative = linear trap.,True,True
babyllama,BabyLlama,3,logophoric_exemption,(mismatch-match | coarg) - (mismatch-match | picture-NP),0.008464723825454878,0.07743919993945195,31,0.10930799688107916,0.9136627273705945,Positive = larger local-mismatch penalty in co-argument than picture-NP (exemption).,False,False
qwen-2.5-7b,Qwen-2.5-7B,3,logophoric_exemption,(mismatch-match | coarg) - (mismatch-match | picture-NP),0.127197265625,0.35866605911784005,31,0.35463981715428844,0.7252607136666888,Positive = larger local-mismatch penalty in co-argument than picture-NP (exemption).,False,False
llama-3.1-8b,Llama-3.1-8B,3,logophoric_exemption,(mismatch-match | coarg) - (mismatch-match | picture-NP),1.251068115234375,0.3592577267001084,31,3.4823694029515146,0.0015023309626478803,Positive = larger local-mismatch penalty in co-argument than picture-NP (exemption).,True,True
qwen-2.5-72b,Qwen-2.5-72B,3,logophoric_exemption,(mismatch-match | coarg) - (mismatch-match | picture-NP),1.6591796875,0.5005590635800171,31,3.3146531712631173,0.002344832668882482,Positive = larger local-mismatch penalty in co-argument than picture-NP (exemption).,True,True
llama-3.1-70b,Llama-3.1-70B,3,logophoric_exemption,(mismatch-match | coarg) - (mismatch-match | picture-NP),1.53369140625,0.2787635714718652,31,5.501764086864524,5.094376414347269e-06,Positive = larger local-mismatch penalty in co-argument than picture-NP (exemption).,True,True
babyllama,BabyLlama,3,mismatch_penalty_coarg,mismatch - match (Local | coarg),1.9229737371206284,0.10712908093036508,31,17.95006286267479,6.210718789525819e-18,surprisal(-Local) - surprisal(+Local) in co-argument contexts.,True,
qwen-2.5-7b,Qwen-2.5-7B,3,mismatch_penalty_coarg,mismatch - match (Local | coarg),2.549560546875,0.2971622359851385,31,8.579692296441419,1.0872718322484107e-09,surprisal(-Local) - surprisal(+Local) in co-argument contexts.,True,
llama-3.1-8b,Llama-3.1-8B,3,mismatch_penalty_coarg,mismatch - match (Local | coarg),3.241546630859375,0.2958622697319472,31,10.956269056531722,3.4632981996888603e-12,surprisal(-Local) - surprisal(+Local) in co-argument contexts.,True,
qwen-2.5-72b,Qwen-2.5-72B,3,mismatch_penalty_coarg,mismatch - match (Local | coarg),3.6181640625,0.399779903709468,31,9.050390049444376,3.2838378312509745e-10,surprisal(-Local) - surprisal(+Local) in co-argument contexts.,True,
llama-3.1-70b,Llama-3.1-70B,3,mismatch_penalty_coarg,mismatch - match (Local | coarg),3.68115234375,0.2663678345170861,31,13.81980805011152,8.537556893548996e-15,surprisal(-Local) - surprisal(+Local) in co-argument contexts.,True,
babyllama,BabyLlama,3,mismatch_penalty_picture,mismatch - match (Local | picture-NP),1.9145090132951736,0.138094038042668,31,13.863806435319333,7.840066242023908e-15,surprisal(-Local) - surprisal(+Local) in picture-NP contexts.,True,
qwen-2.5-7b,Qwen-2.5-7B,3,mismatch_penalty_picture,mismatch - match (Local | picture-NP),2.42236328125,0.24037236478272703,31,10.077544826917096,2.664031989298479e-11,surprisal(-Local) - surprisal(+Local) in picture-NP contexts.,True,
llama-3.1-8b,Llama-3.1-8B,3,mismatch_penalty_picture,mismatch - match (Local | picture-NP),1.990478515625,0.1705843156019361,31,11.668590448079907,7.113216352009952e-13,surprisal(-Local) - surprisal(+Local) in picture-NP contexts.,True,
qwen-2.5-72b,Qwen-2.5-72B,3,mismatch_penalty_picture,mismatch - match (Local | picture-NP),1.958984375,0.2767456760655081,31,7.078644923566182,5.959483986334306e-08,surprisal(-Local) - surprisal(+Local) in picture-NP contexts.,True,
llama-3.1-70b,Llama-3.1-70B,3,mismatch_penalty_picture,mismatch - match (Local | picture-NP),2.1474609375,0.15766892507129288,31,13.620064553170426,1.2602504328815006e-14,surprisal(-Local) - surprisal(+Local) in picture-NP contexts.,True,
