experiment,item_id,condition,sentence,target
1,1,+Local+Matrix,Susan believes that Rebecca blamed herself.,herself
1,1,+Local-Matrix,David believes that Rebecca blamed herself.,herself
1,1,-Local+Matrix,Susan believes that Peter blamed herself.,herself
1,1,-Local-Matrix,David believes that Peter blamed herself.,herself
1,2,+Local+Matrix,Ben heard that Michael praised himself.,himself
1,2,+Local-Matrix,Rachel heard that Michael praised himself.,himself
1,2,-Local+Matrix,Ben heard that Rebecca praised himself.,himself
1,2,-Local-Matrix,Rachel heard that Rebecca praised himself.,himself
1,3,+Local+Matrix,Laura believes that Sarah humiliated herself.,herself
1,3,+Local-Matrix,Peter believes that Sarah humiliated herself.,herself
1,3,-Local+Matrix,Laura believes that Robert humiliated herself.,herself
1,3,-Local-Matrix,Peter believes that Robert humiliated herself.,herself
1,4,+Local+Matrix,Emma believes that Laura defended herself.,herself
1,4,+Local-Matrix,Daniel believes that Laura defended herself.,herself
1,4,-Local+Matrix,Emma believes that James defended herself.,herself
1,4,-Local-Matrix,Daniel believes that James defended herself.,herself
1,5,+Local+Matrix,Anna thinks that Susan praised herself.,herself
1,5,+Local-Matrix,John thinks that Susan praised herself.,herself
1,5,-Local+Matrix,Anna thinks that Tom praised herself.,herself
1,5,-Local-Matrix,John thinks that Tom praised herself.,herself
1,6,+Local+Matrix,Susan thinks that Sarah criticized herself.,herself
1,6,+Local-Matrix,James thinks that Sarah criticized herself.,herself
1,6,-Local+Matrix,Susan thinks that Tom criticized herself.,herself
1,6,-Local-Matrix,James thinks that Tom criticized herself.,herself
1,7,+Local+Matrix,Hannah thinks that Emily embarrassed herself.,herself
1,7,+Local-Matrix,Robert thinks that Emily embarrassed herself.,herself
1,7,-Local+Matrix,Hannah thinks that Bill embarrassed herself.,herself
1,7,-Local-Matrix,Robert thinks that Bill embarrassed herself.,herself
1,8,+Local+Matrix,Michael said that Bill admired himself.,himself
1,8,+Local-Matrix,Sarah said that Bill admired himself.,himself
1,8,-Local+Matrix,Michael said that Emily admired himself.,himself
1,8,-Local-Matrix,Sarah said that Emily admired himself.,himself
1,9,+Local+Matrix,James heard that Michael criticized himself.,himself
1,9,+Local-Matrix,Emily heard that Michael criticized himself.,himself
1,9,-Local+Matrix,James heard that Rachel criticized himself.,himself
1,9,-Local-Matrix,Emily heard that Rachel criticized himself.,himself
1,10,+Local+Matrix,James said that John defended himself.,himself
1,10,+Local-Matrix,Hannah said that John defended himself.,himself
1,10,-Local+Matrix,James said that Rachel defended himself.,himself
1,10,-Local-Matrix,Hannah said that Rachel defended himself.,himself
1,11,+Local+Matrix,Rebecca thinks that Sarah criticized herself.,herself
1,11,+Local-Matrix,John thinks that Sarah criticized herself.,herself
1,11,-Local+Matrix,Rebecca thinks that Peter criticized herself.,herself
1,11,-Local-Matrix,John thinks that Peter criticized herself.,herself
1,12,+Local+Matrix,Laura believes that Hannah blamed herself.,herself
1,12,+Local-Matrix,Michael believes that Hannah blamed herself.,herself
1,12,-Local+Matrix,Laura believes that David blamed herself.,herself
1,12,-Local-Matrix,Michael believes that David blamed herself.,herself
1,13,+Local+Matrix,Sarah said that Susan blamed herself.,herself
1,13,+Local-Matrix,Tom said that Susan blamed herself.,herself
1,13,-Local+Matrix,Sarah said that Robert blamed herself.,herself
1,13,-Local-Matrix,Tom said that Robert blamed herself.,herself
1,14,+Local+Matrix,Bill heard that John admired himself.,himself
1,14,+Local-Matrix,Emma heard that John admired himself.,himself
1,14,-Local+Matrix,Bill heard that Rachel admired himself.,himself
1,14,-Local-Matrix,Emma heard that Rachel admired himself.,himself
1,15,+Local+Matrix,Bill thinks that Daniel photographed himself.,himself
1,15,+Local-Matrix,Mary thinks that Daniel photographed himself.,himself
1,15,-Local+Matrix,Bill thinks that Emily photographed himself.,himself
1,15,-Local-Matrix,Mary thinks that Emily photographed himself.,himself
1,16,+Local+Matrix,John believes that Michael admired himself.,himself
1,16,+Local-Matrix,Anna believes that Michael admired himself.,himself
1,16,-Local+Matrix,John believes that Mary admired himself.,himself
1,16,-Local-Matrix,Anna believes that Mary admired himself.,himself
1,17,+Local+Matrix,Rebecca said that Emma embarrassed herself.,herself
1,17,+Local-Matrix,Daniel said that Emma embarrassed herself.,herself
1,17,-Local+Matrix,Rebecca said that David embarrassed herself.,herself
1,17,-Local-Matrix,Daniel said that David embarrassed herself.,herself
1,18,+Local+Matrix,Ben believes that Daniel criticized himself.,himself
1,18,+Local-Matrix,Emma believes that Daniel criticized himself.,himself
1,18,-Local+Matrix,Ben believes that Hannah criticized himself.,himself
1,18,-Local-Matrix,Emma believes that Hannah criticized himself.,himself
1,19,+Local+Matrix,Susan believes that Laura praised herself.,herself
1,19,+Local-Matrix,Robert believes that Laura praised herself.,herself
1,19,-Local+Matrix,Susan believes that James praised herself.,herself
1,19,-Local-Matrix,Robert believes that James praised herself.,herself
1,20,+Local+Matrix,Tom believes that James humiliated himself.,himself
1,20,+Local-Matrix,Sarah believes that James humiliated himself.,himself
1,20,-Local+Matrix,Tom believes that Hannah humiliated himself.,himself
1,20,-Local-Matrix,Sarah believes that Hannah humiliated himself.,himself
1,21,+Local+Matrix,Peter said that David photographed himself.,himself
1,21,+Local-Matrix,Anna said that David photographed himself.,himself
1,21,-Local+Matrix,Peter said that Emma photographed himself.,himself
1,21,-Local-Matrix,Anna said that Emma photographed himself.,himself
1,22,+Local+Matrix,Tom thinks that Peter praised himself.,himself
1,22,+Local-Matrix,Sarah thinks that Peter praised himself.,himself
1,22,-Local+Matrix,Tom thinks that Rebecca praised himself.,himself
1,22,-Local-Matrix,Sarah thinks that Rebecca praised himself.,himself
1,23,+Local+Matrix,Laura said that Emma admired herself.,herself
1,23,+Local-Matrix,David said that Emma admired herself.,herself
1,23,-Local+Matrix,Laura said that Bill admired herself.,herself
1,23,-Local-Matrix,David said that Bill admired herself.,herself
1,24,+Local+Matrix,Peter thinks that Ben photographed himself.,himself
1,24,+Local-Matrix,Rachel thinks that Ben photographed himself.,himself
1,24,-Local+Matrix,Peter thinks that Anna photographed himself.,himself
1,24,-Local-Matrix,Rachel thinks that Anna photographed himself.,himself
1,25,+Local+Matrix,Mary heard that Emma photographed herself.,herself
1,25,+Local-Matrix,Michael heard that Emma photographed herself.,herself
1,25,-Local+Matrix,Mary heard that Daniel photographed herself.,herself
1,25,-Local-Matrix,Michael heard that Daniel photographed herself.,herself
1,26,+Local+Matrix,Rebecca thinks that Anna humiliated herself.,herself
1,26,+Local-Matrix,Robert thinks that Anna humiliated herself.,herself
1,26,-Local+Matrix,Rebecca thinks that Ben humiliated herself.,herself
1,26,-Local-Matrix,Robert thinks that Ben humiliated herself.,herself
1,27,+Local+Matrix,John heard that James embarrassed himself.,himself
1,27,+Local-Matrix,Hannah heard that James embarrassed himself.,himself
1,27,-Local+Matrix,John heard that Laura embarrassed himself.,himself
1,27,-Local-Matrix,Hannah heard that Laura embarrassed himself.,himself
1,28,+Local+Matrix,James heard that Robert blamed himself.,himself
1,28,+Local-Matrix,Rachel heard that Robert blamed himself.,himself
1,28,-Local+Matrix,James heard that Sarah blamed himself.,himself
1,28,-Local-Matrix,Rachel heard that Sarah blamed himself.,himself
1,29,+Local+Matrix,Daniel said that John defended himself.,himself
1,29,+Local-Matrix,Emily said that John defended himself.,himself
1,29,-Local+Matrix,Daniel said that Mary defended himself.,himself
1,29,-Local-Matrix,Emily said that Mary defended himself.,himself
1,30,+Local+Matrix,Emma said that Mary embarrassed herself.,herself
1,30,+Local-Matrix,Ben said that Mary embarrassed herself.,herself
1,30,-Local+Matrix,Emma said that John embarrassed herself.,herself
1,30,-Local-Matrix,Ben said that John embarrassed herself.,herself
1,31,+Local+Matrix,Emily heard that Anna humiliated herself.,herself
1,31,+Local-Matrix,David heard that Anna humiliated herself.,herself
1,31,-Local+Matrix,Emily heard that Ben humiliated herself.,herself
1,31,-Local-Matrix,David heard that Ben humiliated herself.,herself
1,32,+Local+Matrix,Bill heard that Tom defended himself.,himself
1,32,+Local-Matrix,Mary heard that Tom defended himself.,himself
1,32,-Local+Matrix,Bill heard that Susan defended himself.,himself
1,32,-Local-Matrix,Mary heard that Susan defended himself.,himself
2,1,+Head+Distractor,The mothers of the boys humiliated themselves.,themselves
2,1,+Head-Distractor,The mothers of the boy humiliated themselves.,themselves
2,1,-Head+Distractor,The mother of the boys humiliated themselves.,themselves
2,1,-Head-Distractor,The mother of the boy humiliated themselves.,themselves
2,2,+Head+Distractor,The teachers of the students embarrassed themselves.,themselves
2,2,+Head-Distractor,The teachers of the student embarrassed themselves.,themselves
2,2,-Head+Distractor,The teacher of the students embarrassed themselves.,themselves
2,2,-Head-Distractor,The teacher of the student embarrassed themselves.,themselves
2,3,+Head+Distractor,The friends of the actors criticized themselves.,themselves
2,3,+Head-Distractor,The friends of the actor criticized themselves.,themselves
2,3,-Head+Distractor,The friend of the actors criticized themselves.,themselves
2,3,-Head-Distractor,The friend of the actor criticized themselves.,themselves
2,4,+Head+Distractor,The neighbors of the doctors blamed themselves.,themselves
2,4,+Head-Distractor,The neighbors of the doctor blamed themselves.,themselves
2,4,-Head+Distractor,The neighbor of the doctors blamed themselves.,themselves
2,4,-Head-Distractor,The neighbor of the doctor blamed themselves.,themselves
2,5,+Head+Distractor,The sisters of the managers praised themselves.,themselves
2,5,+Head-Distractor,The sisters of the manager praised themselves.,themselves
2,5,-Head+Distractor,The sister of the managers praised themselves.,themselves
2,5,-Head-Distractor,The sister of the manager praised themselves.,themselves
2,6,+Head+Distractor,The colleagues of the lawyers questioned themselves.,themselves
2,6,+Head-Distractor,The colleagues of the lawyer questioned themselves.,themselves
2,6,-Head+Distractor,The colleague of the lawyers questioned themselves.,themselves
2,6,-Head-Distractor,The colleague of the lawyer questioned themselves.,themselves
2,7,+Head+Distractor,The assistants of the professors defended themselves.,themselves
2,7,+Head-Distractor,The assistants of the professor defended themselves.,themselves
2,7,-Head+Distractor,The assistant of the professors defended themselves.,themselves
2,7,-Head-Distractor,The assistant of the professor defended themselves.,themselves
2,8,+Head+Distractor,The cousins of the musicians reassured themselves.,themselves
2,8,+Head-Distractor,The cousins of the musician reassured themselves.,themselves
2,8,-Head+Distractor,The cousin of the musicians reassured themselves.,themselves
2,8,-Head-Distractor,The cousin of the musician reassured themselves.,themselves
2,9,+Head+Distractor,The fans of the singers challenged themselves.,themselves
2,9,+Head-Distractor,The fans of the singer challenged themselves.,themselves
2,9,-Head+Distractor,The fan of the singers challenged themselves.,themselves
2,9,-Head-Distractor,The fan of the singer challenged themselves.,themselves
2,10,+Head+Distractor,The relatives of the patients criticized themselves.,themselves
2,10,+Head-Distractor,The relatives of the patient criticized themselves.,themselves
2,10,-Head+Distractor,The relative of the patients criticized themselves.,themselves
2,10,-Head-Distractor,The relative of the patient criticized themselves.,themselves
2,11,+Head+Distractor,The fathers of the girls congratulated themselves.,themselves
2,11,+Head-Distractor,The fathers of the girl congratulated themselves.,themselves
2,11,-Head+Distractor,The father of the girls congratulated themselves.,themselves
2,11,-Head-Distractor,The father of the girl congratulated themselves.,themselves
2,12,+Head+Distractor,The brothers of the dancers challenged themselves.,themselves
2,12,+Head-Distractor,The brothers of the dancer challenged themselves.,themselves
2,12,-Head+Distractor,The brother of the dancers challenged themselves.,themselves
2,12,-Head-Distractor,The brother of the dancer challenged themselves.,themselves
2,13,+Head+Distractor,The partners of the designers praised themselves.,themselves
2,13,+Head-Distractor,The partners of the designer praised themselves.,themselves
2,13,-Head+Distractor,The partner of the designers praised themselves.,themselves
2,13,-Head-Distractor,The partner of the designer praised themselves.,themselves
2,14,+Head+Distractor,The lawyers of the politicians reassured themselves.,themselves
2,14,+Head-Distractor,The lawyers of the politician reassured themselves.,themselves
2,14,-Head+Distractor,The lawyer of the politicians reassured themselves.,themselves
2,14,-Head-Distractor,The lawyer of the politician reassured themselves.,themselves
2,15,+Head+Distractor,The advisors of the scientists blamed themselves.,themselves
2,15,+Head-Distractor,The advisors of the scientist blamed themselves.,themselves
2,15,-Head+Distractor,The advisor of the scientists blamed themselves.,themselves
2,15,-Head-Distractor,The advisor of the scientist blamed themselves.,themselves
2,16,+Head+Distractor,The teachers of the researchers questioned themselves.,themselves
2,16,+Head-Distractor,The teachers of the researcher questioned themselves.,themselves
2,16,-Head+Distractor,The teacher of the researchers questioned themselves.,themselves
2,16,-Head-Distractor,The teacher of the researcher questioned themselves.,themselves
2,17,+Head+Distractor,The friends of the doctors congratulated themselves.,themselves
2,17,+Head-Distractor,The friends of the doctor congratulated themselves.,themselves
2,17,-Head+Distractor,The friend of the doctors congratulated themselves.,themselves
2,17,-Head-Distractor,The friend of the doctor congratulated themselves.,themselves
2,18,+Head+Distractor,The neighbors of the students embarrassed themselves.,themselves
2,18,+Head-Distractor,The neighbors of the student embarrassed themselves.,themselves
2,18,-Head+Distractor,The neighbor of the students embarrassed themselves.,themselves
2,18,-Head-Distractor,The neighbor of the student embarrassed themselves.,themselves
2,19,+Head+Distractor,The sisters of the actors praised themselves.,themselves
2,19,+Head-Distractor,The sisters of the actor praised themselves.,themselves
2,19,-Head+Distractor,The sister of the actors praised themselves.,themselves
2,19,-Head-Distractor,The sister of the actor praised themselves.,themselves
2,20,+Head+Distractor,The colleagues of the managers congratulated themselves.,themselves
2,20,+Head-Distractor,The colleagues of the manager congratulated themselves.,themselves
2,20,-Head+Distractor,The colleague of the managers congratulated themselves.,themselves
2,20,-Head-Distractor,The colleague of the manager congratulated themselves.,themselves
2,21,+Head+Distractor,The assistants of the researchers questioned themselves.,themselves
2,21,+Head-Distractor,The assistants of the researcher questioned themselves.,themselves
2,21,-Head+Distractor,The assistant of the researchers questioned themselves.,themselves
2,21,-Head-Distractor,The assistant of the researcher questioned themselves.,themselves
2,22,+Head+Distractor,The cousins of the teachers protected themselves.,themselves
2,22,+Head-Distractor,The cousins of the teacher protected themselves.,themselves
2,22,-Head+Distractor,The cousin of the teachers protected themselves.,themselves
2,22,-Head-Distractor,The cousin of the teacher protected themselves.,themselves
2,23,+Head+Distractor,The fans of the actors protected themselves.,themselves
2,23,+Head-Distractor,The fans of the actor protected themselves.,themselves
2,23,-Head+Distractor,The fan of the actors protected themselves.,themselves
2,23,-Head-Distractor,The fan of the actor protected themselves.,themselves
2,24,+Head+Distractor,The relatives of the doctors humiliated themselves.,themselves
2,24,+Head-Distractor,The relatives of the doctor humiliated themselves.,themselves
2,24,-Head+Distractor,The relative of the doctors humiliated themselves.,themselves
2,24,-Head-Distractor,The relative of the doctor humiliated themselves.,themselves
2,25,+Head+Distractor,The fathers of the students challenged themselves.,themselves
2,25,+Head-Distractor,The fathers of the student challenged themselves.,themselves
2,25,-Head+Distractor,The father of the students challenged themselves.,themselves
2,25,-Head-Distractor,The father of the student challenged themselves.,themselves
2,26,+Head+Distractor,The brothers of the musicians defended themselves.,themselves
2,26,+Head-Distractor,The brothers of the musician defended themselves.,themselves
2,26,-Head+Distractor,The brother of the musicians defended themselves.,themselves
2,26,-Head-Distractor,The brother of the musician defended themselves.,themselves
2,27,+Head+Distractor,The partners of the lawyers reassured themselves.,themselves
2,27,+Head-Distractor,The partners of the lawyer reassured themselves.,themselves
2,27,-Head+Distractor,The partner of the lawyers reassured themselves.,themselves
2,27,-Head-Distractor,The partner of the lawyer reassured themselves.,themselves
2,28,+Head+Distractor,The advisors of the professors blamed themselves.,themselves
2,28,+Head-Distractor,The advisors of the professor blamed themselves.,themselves
2,28,-Head+Distractor,The advisor of the professors blamed themselves.,themselves
2,28,-Head-Distractor,The advisor of the professor blamed themselves.,themselves
2,29,+Head+Distractor,The mothers of the dancers embarrassed themselves.,themselves
2,29,+Head-Distractor,The mothers of the dancer embarrassed themselves.,themselves
2,29,-Head+Distractor,The mother of the dancers embarrassed themselves.,themselves
2,29,-Head-Distractor,The mother of the dancer embarrassed themselves.,themselves
2,30,+Head+Distractor,The teachers of the singers defended themselves.,themselves
2,30,+Head-Distractor,The teachers of the singer defended themselves.,themselves
2,30,-Head+Distractor,The teacher of the singers defended themselves.,themselves
2,30,-Head-Distractor,The teacher of the singer defended themselves.,themselves
2,31,+Head+Distractor,The friends of the designers protected themselves.,themselves
2,31,+Head-Distractor,The friends of the designer protected themselves.,themselves
2,31,-Head+Distractor,The friend of the designers protected themselves.,themselves
2,31,-Head-Distractor,The friend of the designer protected themselves.,themselves
2,32,+Head+Distractor,The neighbors of the musicians criticized themselves.,themselves
2,32,+Head-Distractor,The neighbors of the musician criticized themselves.,themselves
2,32,-Head+Distractor,The neighbor of the musicians criticized themselves.,themselves
2,32,-Head-Distractor,The neighbor of the musician criticized themselves.,themselves
3,1,+Local+Coarg,John believes that Bill criticized himself.,himself
3,1,+Local+Picture,John believes that Bill saw a picture of himself.,himself
3,1,-Local+Coarg,John believes that Mary criticized himself.,himself
3,1,-Local+Picture,John believes that Mary saw a picture of himself.,himself
3,2,+Local+Coarg,Sarah thinks that Emma praised herself.,herself
3,2,+Local+Picture,Sarah thinks that Emma liked a picture of herself.,herself
3,2,-Local+Coarg,Sarah thinks that Daniel praised herself.,herself
3,2,-Local+Picture,Sarah thinks that Daniel liked a picture of herself.,herself
3,3,+Local+Coarg,Peter was glad that James defended himself.,himself
3,3,+Local+Picture,Peter was glad that James found a picture of himself.,himself
3,3,-Local+Coarg,Peter was glad that Laura defended himself.,himself
3,3,-Local+Picture,Peter was glad that Laura found a picture of himself.,himself
3,4,+Local+Coarg,Rachel believes that Hannah embarrassed herself.,herself
3,4,+Local+Picture,Rachel believes that Hannah bought a picture of herself.,herself
3,4,-Local+Coarg,Rachel believes that Michael embarrassed herself.,herself
3,4,-Local+Picture,Rachel believes that Michael bought a picture of herself.,herself
3,5,+Local+Coarg,David thinks that Tom blamed himself.,himself
3,5,+Local+Picture,David thinks that Tom looked at a picture of himself.,himself
3,5,-Local+Coarg,David thinks that Susan blamed himself.,himself
3,5,-Local+Picture,David thinks that Susan looked at a picture of himself.,himself
3,6,+Local+Coarg,Laura thought that Mary admired herself.,herself
3,6,+Local+Picture,Laura thought that Mary saw a picture of herself.,herself
3,6,-Local+Coarg,Laura thought that Robert admired herself.,herself
3,6,-Local+Picture,Laura thought that Robert saw a picture of herself.,herself
3,7,+Local+Coarg,Michael believes that Daniel humiliated himself.,himself
3,7,+Local+Picture,Michael believes that Daniel liked a picture of himself.,himself
3,7,-Local+Coarg,Michael believes that Anna humiliated himself.,himself
3,7,-Local+Picture,Michael believes that Anna liked a picture of himself.,himself
3,8,+Local+Coarg,Rebecca was glad that Emily photographed herself.,herself
3,8,+Local+Picture,Rebecca was glad that Emily found a picture of herself.,herself
3,8,-Local+Coarg,Rebecca was glad that Ben photographed herself.,herself
3,8,-Local+Picture,Rebecca was glad that Ben found a picture of herself.,herself
3,9,+Local+Coarg,James was upset that Peter praised himself.,himself
3,9,+Local+Picture,James was upset that Peter bought a picture of himself.,himself
3,9,-Local+Coarg,James was upset that Hannah praised himself.,himself
3,9,-Local+Picture,James was upset that Hannah bought a picture of himself.,himself
3,10,+Local+Coarg,Emma thinks that Susan defended herself.,herself
3,10,+Local+Picture,Emma thinks that Susan looked at a picture of herself.,herself
3,10,-Local+Coarg,Emma thinks that David defended herself.,herself
3,10,-Local+Picture,Emma thinks that David looked at a picture of herself.,herself
3,11,+Local+Coarg,Robert believes that Ben embarrassed himself.,himself
3,11,+Local+Picture,Robert believes that Ben saw a picture of himself.,himself
3,11,-Local+Coarg,Robert believes that Rachel embarrassed himself.,himself
3,11,-Local+Picture,Robert believes that Rachel saw a picture of himself.,himself
3,12,+Local+Coarg,Mary was glad that Anna blamed herself.,herself
3,12,+Local+Picture,Mary was glad that Anna liked a picture of herself.,herself
3,12,-Local+Coarg,Mary was glad that Tom blamed herself.,herself
3,12,-Local+Picture,Mary was glad that Tom liked a picture of herself.,herself
3,13,+Local+Coarg,Daniel thinks that Michael admired himself.,himself
3,13,+Local+Picture,Daniel thinks that Michael found a picture of himself.,himself
3,13,-Local+Coarg,Daniel thinks that Laura admired himself.,himself
3,13,-Local+Picture,Daniel thinks that Laura found a picture of himself.,himself
3,14,+Local+Coarg,Hannah thought that Rachel criticized herself.,herself
3,14,+Local+Picture,Hannah thought that Rachel bought a picture of herself.,herself
3,14,-Local+Coarg,Hannah thought that James criticized herself.,herself
3,14,-Local+Picture,Hannah thought that James bought a picture of herself.,herself
3,15,+Local+Coarg,Ben believes that John photographed himself.,himself
3,15,+Local+Picture,Ben believes that John looked at a picture of himself.,himself
3,15,-Local+Coarg,Ben believes that Emily photographed himself.,himself
3,15,-Local+Picture,Ben believes that Emily looked at a picture of himself.,himself
3,16,+Local+Coarg,Susan was glad that Rebecca humiliated herself.,herself
3,16,+Local+Picture,Susan was glad that Rebecca saw a picture of herself.,herself
3,16,-Local+Coarg,Susan was glad that Peter humiliated herself.,herself
3,16,-Local+Picture,Susan was glad that Peter saw a picture of herself.,herself
3,17,+Local+Coarg,Tom thinks that Robert defended himself.,himself
3,17,+Local+Picture,Tom thinks that Robert liked a picture of himself.,himself
3,17,-Local+Coarg,Tom thinks that Emma defended himself.,himself
3,17,-Local+Picture,Tom thinks that Emma liked a picture of himself.,himself
3,18,+Local+Coarg,Anna was upset that Laura praised herself.,herself
3,18,+Local+Picture,Anna was upset that Laura found a picture of herself.,herself
3,18,-Local+Coarg,Anna was upset that Michael praised herself.,herself
3,18,-Local+Picture,Anna was upset that Michael found a picture of herself.,herself
3,19,+Local+Coarg,Peter believes that Daniel blamed himself.,himself
3,19,+Local+Picture,Peter believes that Daniel bought a picture of himself.,himself
3,19,-Local+Coarg,Peter believes that Susan blamed himself.,himself
3,19,-Local+Picture,Peter believes that Susan bought a picture of himself.,himself
3,20,+Local+Coarg,Emily was glad that Hannah embarrassed herself.,herself
3,20,+Local+Picture,Emily was glad that Hannah looked at a picture of herself.,herself
3,20,-Local+Coarg,Emily was glad that Ben embarrassed herself.,herself
3,20,-Local+Picture,Emily was glad that Ben looked at a picture of herself.,herself
3,21,+Local+Coarg,John thought that James humiliated himself.,himself
3,21,+Local+Picture,John thought that James saw a picture of himself.,himself
3,21,-Local+Coarg,John thought that Rebecca humiliated himself.,himself
3,21,-Local+Picture,John thought that Rebecca saw a picture of himself.,himself
3,22,+Local+Coarg,Rachel thinks that Mary admired herself.,herself
3,22,+Local+Picture,Rachel thinks that Mary liked a picture of herself.,herself
3,22,-Local+Coarg,Rachel thinks that David admired herself.,herself
3,22,-Local+Picture,Rachel thinks that David liked a picture of herself.,herself
3,23,+Local+Coarg,Michael believes that Tom criticized himself.,himself
3,23,+Local+Picture,Michael believes that Tom found a picture of himself.,himself
3,23,-Local+Coarg,Michael believes that Anna criticized himself.,himself
3,23,-Local+Picture,Michael believes that Anna found a picture of himself.,himself
3,24,+Local+Coarg,Laura was glad that Emma photographed herself.,herself
3,24,+Local+Picture,Laura was glad that Emma bought a picture of herself.,herself
3,24,-Local+Coarg,Laura was glad that Robert photographed herself.,herself
3,24,-Local+Picture,Laura was glad that Robert bought a picture of herself.,herself
3,25,+Local+Coarg,David thinks that Ben praised himself.,himself
3,25,+Local+Picture,David thinks that Ben looked at a picture of himself.,himself
3,25,-Local+Coarg,David thinks that Hannah praised himself.,himself
3,25,-Local+Picture,David thinks that Hannah looked at a picture of himself.,himself
3,26,+Local+Coarg,Rebecca was upset that Susan defended herself.,herself
3,26,+Local+Picture,Rebecca was upset that Susan saw a picture of herself.,herself
3,26,-Local+Coarg,Rebecca was upset that Peter defended herself.,herself
3,26,-Local+Picture,Rebecca was upset that Peter saw a picture of herself.,herself
3,27,+Local+Coarg,James believes that Michael embarrassed himself.,himself
3,27,+Local+Picture,James believes that Michael liked a picture of himself.,himself
3,27,-Local+Coarg,James believes that Emily embarrassed himself.,himself
3,27,-Local+Picture,James believes that Emily liked a picture of himself.,himself
3,28,+Local+Coarg,Emma was glad that Rachel blamed herself.,herself
3,28,+Local+Picture,Emma was glad that Rachel found a picture of herself.,herself
3,28,-Local+Coarg,Emma was glad that Tom blamed herself.,herself
3,28,-Local+Picture,Emma was glad that Tom found a picture of herself.,herself
3,29,+Local+Coarg,Robert thought that Daniel admired himself.,himself
3,29,+Local+Picture,Robert thought that Daniel bought a picture of himself.,himself
3,29,-Local+Coarg,Robert thought that Mary admired himself.,himself
3,29,-Local+Picture,Robert thought that Mary bought a picture of himself.,himself
3,30,+Local+Coarg,Mary thinks that Anna humiliated herself.,herself
3,30,+Local+Picture,Mary thinks that Anna looked at a picture of herself.,herself
3,30,-Local+Coarg,Mary thinks that John humiliated herself.,herself
3,30,-Local+Picture,Mary thinks that John looked at a picture of herself.,herself
3,31,+Local+Coarg,Daniel believes that Peter photographed himself.,himself
3,31,+Local+Picture,Daniel believes that Peter saw a picture of himself.,himself
3,31,-Local+Coarg,Daniel believes that Laura photographed himself.,himself
3,31,-Local+Picture,Daniel believes that Laura saw a picture of himself.,himself
3,32,+Local+Coarg,Hannah was glad that Rebecca criticized herself.,herself
3,32,+Local+Picture,Hannah was glad that Rebecca liked a picture of herself.,herself
3,32,-Local+Coarg,Hannah was glad that James criticized herself.,herself
3,32,-Local+Picture,Hannah was glad that James liked a picture of herself.,herself
